Workbook

Sheet Instrucciones
A1: Planilla de aforo vehicular — Carrera 23 con Diagonal 15, Acacías (Meta)
A2: Proyecto de grado: sistema de semaforización inteligente. Los datos alimentan los escenarios de simulación en SUMO.
A4: ¿Qué se mide?
A5: 1. Cuántos vehículos llegan al cruce por cada brazo, de qué tipo son y hacia dónde giran (hoja «Aforo»).
A6: 2. Cuánto duran el verde, el amarillo y el rojo del semáforo actual (hoja «Semaforo»).
A8: Reglas de conteo
A9: • El BRAZO es por donde LLEGA el vehículo al cruce (no por donde sale).
A10: • Se cuenta cada vehículo una sola vez, cuando cruza la línea de pare.
A11: • Giro: Recto o Derecha, desde el punto de vista del conductor que llega. En este cruce el giro a la IZQUIERDA está prohibido en los 4 brazos.
A12: • Si se observa un giro a la izquierda (infracción), NO se cuenta en la tabla: se anota en «Observaciones» cuántos hubo.
A13: • Tipos: Carro (automóvil, camioneta, taxi) · Moto · Bus (bus, buseta, microbús) · Camión (camión, volqueta, tractocamión).
A14: • Bicicletas y peatones no se cuentan (anotar en Observaciones si son muchos).
... A29: Fecha: 2026-10-12 | Día: Lunes | Brazo: Sur (Cra 23) | Periodo: Pico | Inicio: 07:00 | Fin: 07:15 | Duración: 15 | Carro Recto 21, Der 4 | Moto Recto 30, Der 5 | Bus Recto 1 | Camión Recto 2

Sheet Aforo
A1: Fecha | B1: Día | C1: Brazo (llegada) | D1: Periodo | E1: Hora inicio | F1: Hora fin | G1: Duración (min) | H1: Carro Recto | I1: Carro Der | J1: Moto Recto | K1: Moto Der | L1: Bus Recto | M1: Bus Der | N1: Camión Recto | O1: Camión Der | P1: Total | Q1: Observaciones
G2: 15 | P2: =IF(COUNT(H2:O2)=0,"",SUM(H2:O2))
G3: 15 | P3: =IF(COUNT(H3:O3)=0,"",SUM(H3:O3))
G4: 15 | P4: =IF(COUNT(H4:O4)=0,"",SUM(H4:O4))
G5: 15 | P5: =IF(COUNT(H5:O5)=0,"",SUM(H5:O5))
G6: 15 | P6: =IF(COUNT(H6:O6)=0,"",SUM(H6:O6))
G7: 15 | P7: =IF(COUNT(H7:O7)=0,"",SUM(H7:O7))
G8: 15 | P8: =IF(COUNT(H8:O8)=0,"",SUM(H8:O8))
G9: 15 | P9: =IF(COUNT(H9:O9)=0,"",SUM(H9:O9))
G10: 15 | P10: =IF(COUNT(H10:O10)=0,"",SUM(H10:O10))
G11: 15 | P11: =IF(COUNT(H11:O11)=0,"",SUM(H11:O11))
G12: 15 | P12: =IF(COUNT(H12:O12)=0,"",SUM(H12:O12))
G13: 15 | P13: =IF(COUNT(H13:O13)=0,"",SUM(H13:O13))
... G41: 15 | P41: =IF(COUNT(H41:O41)=0,"",SUM(H41:O41))

Sheet Semaforo
A1: Fecha | B1: Hora | C1: Ciclo # | D1: Vía | E1: Verde (s) | F1: Amarillo (s) | G1: Rojo (s) | H1: Todo-rojo (s) | I1: ¿Fase o flecha adicional? (Sí/No; describir en Observaciones) | J1: Duración del ciclo (s) | K1: Observaciones
J2: =IF(COUNT(E2:G2)=0,"",SUM(E2:G2))
J3: =IF(COUNT(E3:G3)=0,"",SUM(E3:G3))
J4: =IF(COUNT(E4:G4)=0,"",SUM(E4:G4))
J5: =IF(COUNT(E5:G5)=0,"",SUM(E5:G5))
J6: =IF(COUNT(E6:G6)=0,"",SUM(E6:G6))
J7: =IF(COUNT(E7:G7)=0,"",SUM(E7:G7))
J8: =IF(COUNT(E8:G8)=0,"",SUM(E8:G8))
J9: =IF(COUNT(E9:G9)=0,"",SUM(E9:G9))
J10: =IF(COUNT(E10:G10)=0,"",SUM(E10:G10))
J11: =IF(COUNT(E11:G11)=0,"",SUM(E11:G11))
J12: =IF(COUNT(E12:G12)=0,"",SUM(E12:G12))
J13: =IF(COUNT(E13:G13)=0,"",SUM(E13:G13))
... J17: =IF(COUNT(E17:G17)=0,"",SUM(E17:G17))
A19: Promedios por vía (fórmulas)
A20: Vía | B20: Verde (s) | C20: Amarillo (s) | D20: Rojo (s) | E20: Todo-rojo (s) | F20: Ciclos medidos
A21: Carrera 23 | B21: =IFERROR(AVERAGEIFS(E$2:E$17,$D$2:$D$17,$A21),"") | C21: =IFERROR(AVERAGEIFS(F$2:F$17,$D$2:$D$17,$A21),"") | D21: =IFERROR(AVERAGEIFS(G$2:G$17,$D$2:$D$17,$A21),"") | E21: =IFERROR(AVERAGEIFS(H$2:H$17,$D$2:$D$17,$A21),"") | F21: =COUNTIFS($D$2:$D$17,$A21,$E$2:$E$17,"<>") -> 0
A22: Diagonal 15 | B22: =IFERROR(AVERAGEIFS(E$2:E$17,$D$2:$D$17,$A22),"") | C22: =IFERROR(AVERAGEIFS(F$2:F$17,$D$2:$D$17,$A22),"") | D22: =IFERROR(AVERAGEIFS(G$2:G$17,$D$2:$D$17,$A22),"") | E22: =IFERROR(AVERAGEIFS(H$2:H$17,$D$2:$D$17,$A22),"") | F22: =COUNTIFS($D$2:$D$17,$A22,$E$2:$E$17,"<>") -> 0
A24: Medir 3–4 ciclos completos por vía con cronómetro. Un ciclo = desde que empieza el verde hasta que vuelve a empezar.

Sheet Resumen
A1: Resumen automático por brazo y periodo (no editar: todo son fórmulas)
A3: Brazo | B3: Periodo | C3: Minutos contados | D3: Vehículos contados | E3: Vehículos/hora | F3: % Carro | G3: % Moto | H3: % Bus | I3: % Camión | J3: % Recto | K3: % Der
A4: Norte (Cra 23, desde el puente) | B4: Pico | C4: =SUMIFS(Aforo!$G$2:$G$41,Aforo!$C$2:$C$41,$A4,Aforo!$D$2:$D$41,$B4) -> 0 | D4: =SUMIFS(Aforo!$P$2:$P$41,Aforo!$C$2:$C$41,$A4,Aforo!$D$2:$D$41,$B4) -> 0 | E4: =IF(C4=0,"",D4/C4*60) | F4: =IF(D4=0,"",(SUMIFS(Aforo!$H$2:$H$41,Aforo!$C$2:$C$41,$A4,Aforo!$D$2:$D$41,$B4)+SUMIFS(Aforo!$I$2:$I$41,Aforo!$C$2:$C$41,$A4,Aforo!$D$2:$D$41,$B4))/D4) | G4: =IF(D4=0,"",(SUMIFS(Aforo!$J$2:$J$41,Aforo!$C$2:$C$41,$A4,Aforo!$D$2:$D$41,$B4)+SUMIFS(Aforo!$K$2:$K$41,Aforo!$C$2:$C$41,$A4,Aforo!$D$2:$D$41,$B4))/D4) | H4: =IF(D4=0,"",(SUMIFS(Aforo!$L$2:$L$41,Aforo!$C$2:$C$41,$A4,Aforo!$D$2:$D$41,$B4)+SUMIFS(Aforo!$M$2:$M$41,Aforo!$C$2:$C$41,$A4,Aforo!$D$2:$D$41,$B4))/D4) | I4: =IF(D4=0,"",(SUMIFS(Aforo!$N$2:$N$41,Aforo!$C$2:$C$41,$A4,Aforo!$D$2:$D$41,$B4)+SUMIFS(Aforo!$O$2:$O$41,Aforo!$C$2:$C$41,$A4,Aforo!$D$2:$D$41,$B4))/D4) | J4: =IF(D4=0,"",(SUMIFS(Aforo!$H$2:$H$41,Aforo!$C$2:$C$41,$A4,Aforo!$D$2:$D$41,$B4)+SUMIFS(Aforo!$J$2:$J$41,Aforo!$C$2:$C$41,$A4,Aforo!$D$2:$D$41,$B4)+SUMIFS(Aforo!$L$2:$L$41,Aforo!$C$2:$C$41,$A4,Aforo!$D$2:$D$41,$B4)+SUMIFS(Aforo!$N$2:$N$41,Aforo!$C$2:$C$41,$A4,Aforo!$D$2:$D$41,$B4))/D4) | K4: =IF(D4=0,"",(SUMIFS(Aforo!$I$2:$I$41,Aforo!$C$2:$C$41,$A4,Aforo!$D$2:$D$41,$B4)+SUMIFS(Aforo!$K$2:$K$41,Aforo!$C$2:$C$41,$A4,Aforo!$D$2:$D$41,$B4)+SUMIFS(Aforo!$M$2:$M$41,Aforo!$C$2:$C$41,$A4,Aforo!$D$2:$D$41,$B4)+SUMIFS(Aforo!$O$2:$O$41,Aforo!$C$2:$C$41,$A4,Aforo!$D$2:$D$41,$B4))/D4)
A5: Norte (Cra 23, desde el puente) | B5: Valle | C5: =SUMIFS(Aforo!$G$2:$G$41,Aforo!$C$2:$C$41,$A5,Aforo!$D$2:$D$41,$B5) -> 0 | D5: =SUMIFS(Aforo!$P$2:$P$41,Aforo!$C$2:$C$41,$A5,Aforo!$D$2:$D$41,$B5) -> 0 | E5: =IF(C5=0,"",D5/C5*60) | F5: =IF(D5=0,"",(SUMIFS(Aforo!$H$2:$H$41,Aforo!$C$2:$C$41,$A5,Aforo!$D$2:$D$41,$B5)+SUMIFS(Aforo!$I$2:$I$41,Aforo!$C$2:$C$41,$A5,Aforo!$D$2:$D$41,$B5))/D5) | G5: =IF(D5=0,"",(SUMIFS(Aforo!$J$2:$J$41,Aforo!$C$2:$C$41,$A5,Aforo!$D$2:$D$41,$B5)+SUMIFS(Aforo!$K$2:$K$41,Aforo!$C$2:$C$41,$A5,Aforo!$D$2:$D$41,$B5))/D5) | H5: =IF(D5=0,"",(SUMIFS(Aforo!$L$2:$L$41,Aforo!$C$2:$C$41,$A5,Aforo!$D$2:$D$41,$B5)+SUMIFS(Aforo!$M$2:$M$41,Aforo!$C$2:$C$41,$A5,Aforo!$D$2:$D$41,$B5))/D5) | I5: =IF(D5=0,"",(SUMIFS(Aforo!$N$2:$N$41,Aforo!$C$2:$C$41,$A5,Aforo!$D$2:$D$41,$B5)+SUMIFS(Aforo!$O$2:$O$41,Aforo!$C$2:$C$41,$A5,Aforo!$D$2:$D$41,$B5))/D5) | J5: =IF(D5=0,"",(SUMIFS(Aforo!$H$2:$H$41,Aforo!$C$2:$C$41,$A5,Aforo!$D$2:$D$41,$B5)+SUMIFS(Aforo!$J$2:$J$41,Aforo!$C$2:$C$41,$A5,Aforo!$D$2:$D$41,$B5)+SUMIFS(Aforo!$L$2:$L$41,Aforo!$C$2:$C$41,$A5,Aforo!$D$2:$D$41,$B5)+SUMIFS(Aforo!$N$2:$N$41,Aforo!$C$2:$C$41,$A5,Aforo!$D$2:$D$41,$B5))/D5) | K5: =IF(D5=0,"",(SUMIFS(Aforo!$I$2:$I$41,Aforo!$C$2:$C$41,$A5,Aforo!$D$2:$D$41,$B5)+SUMIFS(Aforo!$K$2:$K$41,Aforo!$C$2:$C$41,$A5,Aforo!$D$2:$D$41,$B5)+SUMIFS(Aforo!$M$2:$M$41,Aforo!$C$2:$C$41,$A5,Aforo!$D$2:$D$41,$B5)+SUMIFS(Aforo!$O$2:$O$41,Aforo!$C$2:$C$41,$A5,Aforo!$D$2:$D$41,$B5))/D5)
A6: Sur (Cra 23) | B6: Pico | C6: =SUMIFS(Aforo!$G$2:$G$41,Aforo!$C$2:$C$41,$A6,Aforo!$D$2:$D$41,$B6) -> 0 | D6: =SUMIFS(Aforo!$P$2:$P$41,Aforo!$C$2:$C$41,$A6,Aforo!$D$2:$D$41,$B6) -> 0 | E6: =IF(C6=0,"",D6/C6*60) | F6: =IF(D6=0,"",(SUMIFS(Aforo!$H$2:$H$41,Aforo!$C$2:$C$41,$A6,Aforo!$D$2:$D$41,$B6)+SUMIFS(Aforo!$I$2:$I$41,Aforo!$C$2:$C$41,$A6,Aforo!$D$2:$D$41,$B6))/D6) | G6: =IF(D6=0,"",(SUMIFS(Aforo!$J$2:$J$41,Aforo!$C$2:$C$41,$A6,Aforo!$D$2:$D$41,$B6)+SUMIFS(Aforo!$K$2:$K$41,Aforo!$C$2:$C$41,$A6,Aforo!$D$2:$D$41,$B6))/D6) | H6: =IF(D6=0,"",(SUMIFS(Aforo!$L$2:$L$41,Aforo!$C$2:$C$41,$A6,Aforo!$D$2:$D$41,$B6)+SUMIFS(Aforo!$M$2:$M$41,Aforo!$C$2:$C$41,$A6,Aforo!$D$2:$D$41,$B6))/D6) | I6: =IF(D6=0,"",(SUMIFS(Aforo!$N$2:$N$41,Aforo!$C$2:$C$41,$A6,Aforo!$D$2:$D$41,$B6)+SUMIFS(Aforo!$O$2:$O$41,Aforo!$C$2:$C$41,$A6,Aforo!$D$2:$D$41,$B6))/D6) | J6: =IF(D6=0,"",(SUMIFS(Aforo!$H$2:$H$41,Aforo!$C$2:$C$41,$A6,Aforo!$D$2:$D$41,$B6)+SUMIFS(Aforo!$J$2:$J$41,Aforo!$C$2:$C$41,$A6,Aforo!$D$2:$D$41,$B6)+SUMIFS(Aforo!$L$2:$L$41,Aforo!$C$2:$C$41,$A6,Aforo!$D$2:$D$41,$B6)+SUMIFS(Aforo!$N$2:$N$41,Aforo!$C$2:$C$41,$A6,Aforo!$D$2:$D$41,$B6))/D6) | K6: =IF(D6=0,"",(SUMIFS(Aforo!$I$2:$I$41,Aforo!$C$2:$C$41,$A6,Aforo!$D$2:$D$41,$B6)+SUMIFS(Aforo!$K$2:$K$41,Aforo!$C$2:$C$41,$A6,Aforo!$D$2:$D$41,$B6)+SUMIFS(Aforo!$M$2:$M$41,Aforo!$C$2:$C$41,$A6,Aforo!$D$2:$D$41,$B6)+SUMIFS(Aforo!$O$2:$O$41,Aforo!$C$2:$C$41,$A6,Aforo!$D$2:$D$41,$B6))/D6)
A7: Sur (Cra 23) | B7: Valle | C7: =SUMIFS(Aforo!$G$2:$G$41,Aforo!$C$2:$C$41,$A7,Aforo!$D$2:$D$41,$B7) -> 0 | D7: =SUMIFS(Aforo!$P$2:$P$41,Aforo!$C$2:$C$41,$A7,Aforo!$D$2:$D$41,$B7) -> 0 | E7: =IF(C7=0,"",D7/C7*60) | F7: =IF(D7=0,"",(SUMIFS(Aforo!$H$2:$H$41,Aforo!$C$2:$C$41,$A7,Aforo!$D$2:$D$41,$B7)+SUMIFS(Aforo!$I$2:$I$41,Aforo!$C$2:$C$41,$A7,Aforo!$D$2:$D$41,$B7))/D7) | G7: =IF(D7=0,"",(SUMIFS(Aforo!$J$2:$J$41,Aforo!$C$2:$C$41,$A7,Aforo!$D$2:$D$41,$B7)+SUMIFS(Aforo!$K$2:$K$41,Aforo!$C$2:$C$41,$A7,Aforo!$D$2:$D$41,$B7))/D7) | H7: =IF(D7=0,"",(SUMIFS(Aforo!$L$2:$L$41,Aforo!$C$2:$C$41,$A7,Aforo!$D$2:$D$41,$B7)+SUMIFS(Aforo!$M$2:$M$41,Aforo!$C$2:$C$41,$A7,Aforo!$D$2:$D$41,$B7))/D7) | I7: =IF(D7=0,"",(SUMIFS(Aforo!$N$2:$N$41,Aforo!$C$2:$C$41,$A7,Aforo!$D$2:$D$41,$B7)+SUMIFS(Aforo!$O$2:$O$41,Aforo!$C$2:$C$41,$A7,Aforo!$D$2:$D$41,$B7))/D7) | J7: =IF(D7=0,"",(SUMIFS(Aforo!$H$2:$H$41,Aforo!$C$2:$C$41,$A7,Aforo!$D$2:$D$41,$B7)+SUMIFS(Aforo!$J$2:$J$41,Aforo!$C$2:$C$41,$A7,Aforo!$D$2:$D$41,$B7)+SUMIFS(Aforo!$L$2:$L$41,Aforo!$C$2:$C$41,$A7,Aforo!$D$2:$D$41,$B7)+SUMIFS(Aforo!$N$2:$N$41,Aforo!$C$2:$C$41,$A7,Aforo!$D$2:$D$41,$B7))/D7) | K7: =IF(D7=0,"",(SUMIFS(Aforo!$I$2:$I$41,Aforo!$C$2:$C$41,$A7,Aforo!$D$2:$D$41,$B7)+SUMIFS(Aforo!$K$2:$K$41,Aforo!$C$2:$C$41,$A7,Aforo!$D$2:$D$41,$B7)+SUMIFS(Aforo!$M$2:$M$41,Aforo!$C$2:$C$41,$A7,Aforo!$D$2:$D$41,$B7)+SUMIFS(Aforo!$O$2:$O$41,Aforo!$C$2:$C$41,$A7,Aforo!$D$2:$D$41,$B7))/D7)
A8: Este (Dg 15) | B8: Pico | C8: =SUMIFS(Aforo!$G$2:$G$41,Aforo!$C$2:$C$41,$A8,Aforo!$D$2:$D$41,$B8) -> 0 | D8: =SUMIFS(Aforo!$P$2:$P$41,Aforo!$C$2:$C$41,$A8,Aforo!$D$2:$D$41,$B8) -> 0 | E8: =IF(C8=0,"",D8/C8*60) | F8: =IF(D8=0,"",(SUMIFS(Aforo!$H$2:$H$41,Aforo!$C$2:$C$41,$A8,Aforo!$D$2:$D$41,$B8)+SUMIFS(Aforo!$I$2:$I$41,Aforo!$C$2:$C$41,$A8,Aforo!$D$2:$D$41,$B8))/D8) | G8: =IF(D8=0,"",(SUMIFS(Aforo!$J$2:$J$41,Aforo!$C$2:$C$41,$A8,Aforo!$D$2:$D$41,$B8)+SUMIFS(Aforo!$K$2:$K$41,Aforo!$C$2:$C$41,$A8,Aforo!$D$2:$D$41,$B8))/D8) | H8: =IF(D8=0,"",(SUMIFS(Aforo!$L$2:$L$41,Aforo!$C$2:$C$41,$A8,Aforo!$D$2:$D$41,$B8)+SUMIFS(Aforo!$M$2:$M$41,Aforo!$C$2:$C$41,$A8,Aforo!$D$2:$D$41,$B8))/D8) | I8: =IF(D8=0,"",(SUMIFS(Aforo!$N$2:$N$41,Aforo!$C$2:$C$41,$A8,Aforo!$D$2:$D$41,$B8)+SUMIFS(Aforo!$O$2:$O$41,Aforo!$C$2:$C$41,$A8,Aforo!$D$2:$D$41,$B8))/D8) | J8: =IF(D8=0,"",(SUMIFS(Aforo!$H$2:$H$41,Aforo!$C$2:$C$41,$A8,Aforo!$D$2:$D$41,$B8)+SUMIFS(Aforo!$J$2:$J$41,Aforo!$C$2:$C$41,$A8,Aforo!$D$2:$D$41,$B8)+SUMIFS(Aforo!$L$2:$L$41,Aforo!$C$2:$C$41,$A8,Aforo!$D$2:$D$41,$B8)+SUMIFS(Aforo!$N$2:$N$41,Aforo!$C$2:$C$41,$A8,Aforo!$D$2:$D$41,$B8))/D8) | K8: =IF(D8=0,"",(SUMIFS(Aforo!$I$2:$I$41,Aforo!$C$2:$C$41,$A8,Aforo!$D$2:$D$41,$B8)+SUMIFS(Aforo!$K$2:$K$41,Aforo!$C$2:$C$41,$A8,Aforo!$D$2:$D$41,$B8)+SUMIFS(Aforo!$M$2:$M$41,Aforo!$C$2:$C$41,$A8,Aforo!$D$2:$D$41,$B8)+SUMIFS(Aforo!$O$2:$O$41,Aforo!$C$2:$C$41,$A8,Aforo!$D$2:$D$41,$B8))/D8)
A9: Este (Dg 15) | B9: Valle | C9: =SUMIFS(Aforo!$G$2:$G$41,Aforo!$C$2:$C$41,$A9,Aforo!$D$2:$D$41,$B9) -> 0 | D9: =SUMIFS(Aforo!$P$2:$P$41,Aforo!$C$2:$C$41,$A9,Aforo!$D$2:$D$41,$B9) -> 0 | E9: =IF(C9=0,"",D9/C9*60) | F9: =IF(D9=0,"",(SUMIFS(Aforo!$H$2:$H$41,Aforo!$C$2:$C$41,$A9,Aforo!$D$2:$D$41,$B9)+SUMIFS(Aforo!$I$2:$I$41,Aforo!$C$2:$C$41,$A9,Aforo!$D$2:$D$41,$B9))/D9) | G9: =IF(D9=0,"",(SUMIFS(Aforo!$J$2:$J$41,Aforo!$C$2:$C$41,$A9,Aforo!$D$2:$D$41,$B9)+SUMIFS(Aforo!$K$2:$K$41,Aforo!$C$2:$C$41,$A9,Aforo!$D$2:$D$41,$B9))/D9) | H9: =IF(D9=0,"",(SUMIFS(Aforo!$L$2:$L$41,Aforo!$C$2:$C$41,$A9,Aforo!$D$2:$D$41,$B9)+SUMIFS(Aforo!$M$2:$M$41,Aforo!$C$2:$C$41,$A9,Aforo!$D$2:$D$41,$B9))/D9) | I9: =IF(D9=0,"",(SUMIFS(Aforo!$N$2:$N$41,Aforo!$C$2:$C$41,$A9,Aforo!$D$2:$D$41,$B9)+SUMIFS(Aforo!$O$2:$O$41,Aforo!$C$2:$C$41,$A9,Aforo!$D$2:$D$41,$B9))/D9) | J9: =IF(D9=0,"",(SUMIFS(Aforo!$H$2:$H$41,Aforo!$C$2:$C$41,$A9,Aforo!$D$2:$D$41,$B9)+SUMIFS(Aforo!$J$2:$J$41,Aforo!$C$2:$C$41,$A9,Aforo!$D$2:$D$41,$B9)+SUMIFS(Aforo!$L$2:$L$41,Aforo!$C$2:$C$41,$A9,Aforo!$D$2:$D$41,$B9)+SUMIFS(Aforo!$N$2:$N$41,Aforo!$C$2:$C$41,$A9,Aforo!$D$2:$D$41,$B9))/D9) | K9: =IF(D9=0,"",(SUMIFS(Aforo!$I$2:$I$41,Aforo!$C$2:$C$41,$A9,Aforo!$D$2:$D$41,$B9)+SUMIFS(Aforo!$K$2:$K$41,Aforo!$C$2:$C$41,$A9,Aforo!$D$2:$D$41,$B9)+SUMIFS(Aforo!$M$2:$M$41,Aforo!$C$2:$C$41,$A9,Aforo!$D$2:$D$41,$B9)+SUMIFS(Aforo!$O$2:$O$41,Aforo!$C$2:$C$41,$A9,Aforo!$D$2:$D$41,$B9))/D9)
A10: Oeste (Dg 15) | B10: Pico | C10: =SUMIFS(Aforo!$G$2:$G$41,Aforo!$C$2:$C$41,$A10,Aforo!$D$2:$D$41,$B10) -> 0 | D10: =SUMIFS(Aforo!$P$2:$P$41,Aforo!$C$2:$C$41,$A10,Aforo!$D$2:$D$41,$B10) -> 0 | E10: =IF(C10=0,"",D10/C10*60) | F10: =IF(D10=0,"",(SUMIFS(Aforo!$H$2:$H$41,Aforo!$C$2:$C$41,$A10,Aforo!$D$2:$D$41,$B10)+SUMIFS(Aforo!$I$2:$I$41,Aforo!$C$2:$C$41,$A10,Aforo!$D$2:$D$41,$B10))/D10) | G10: =IF(D10=0,"",(SUMIFS(Aforo!$J$2:$J$41,Aforo!$C$2:$C$41,$A10,Aforo!$D$2:$D$41,$B10)+SUMIFS(Aforo!$K$2:$K$41,Aforo!$C$2:$C$41,$A10,Aforo!$D$2:$D$41,$B10))/D10) | H10: =IF(D10=0,"",(SUMIFS(Aforo!$L$2:$L$41,Aforo!$C$2:$C$41,$A10,Aforo!$D$2:$D$41,$B10)+SUMIFS(Aforo!$M$2:$M$41,Aforo!$C$2:$C$41,$A10,Aforo!$D$2:$D$41,$B10))/D10) | I10: =IF(D10=0,"",(SUMIFS(Aforo!$N$2:$N$41,Aforo!$C$2:$C$41,$A10,Aforo!$D$2:$D$41,$B10)+SUMIFS(Aforo!$O$2:$O$41,Aforo!$C$2:$C$41,$A10,Aforo!$D$2:$D$41,$B10))/D10) | J10: =IF(D10=0,"",(SUMIFS(Aforo!$H$2:$H$41,Aforo!$C$2:$C$41,$A10,Aforo!$D$2:$D$41,$B10)+SUMIFS(Aforo!$J$2:$J$41,Aforo!$C$2:$C$41,$A10,Aforo!$D$2:$D$41,$B10)+SUMIFS(Aforo!$L$2:$L$41,Aforo!$C$2:$C$41,$A10,Aforo!$D$2:$D$41,$B10)+SUMIFS(Aforo!$N$2:$N$41,Aforo!$C$2:$C$41,$A10,Aforo!$D$2:$D$41,$B10))/D10) | K10: =IF(D10=0,"",(SUMIFS(Aforo!$I$2:$I$41,Aforo!$C$2:$C$41,$A10,Aforo!$D$2:$D$41,$B10)+SUMIFS(Aforo!$K$2:$K$41,Aforo!$C$2:$C$41,$A10,Aforo!$D$2:$D$41,$B10)+SUMIFS(Aforo!$M$2:$M$41,Aforo!$C$2:$C$41,$A10,Aforo!$D$2:$D$41,$B10)+SUMIFS(Aforo!$O$2:$O$41,Aforo!$C$2:$C$41,$A10,Aforo!$D$2:$D$41,$B10))/D10)
A11: Oeste (Dg 15) | B11: Valle | C11: =SUMIFS(Aforo!$G$2:$G$41,Aforo!$C$2:$C$41,$A11,Aforo!$D$2:$D$41,$B11) -> 0 | D11: =SUMIFS(Aforo!$P$2:$P$41,Aforo!$C$2:$C$41,$A11,Aforo!$D$2:$D$41,$B11) -> 0 | E11: =IF(C11=0,"",D11/C11*60) | F11: =IF(D11=0,"",(SUMIFS(Aforo!$H$2:$H$41,Aforo!$C$2:$C$41,$A11,Aforo!$D$2:$D$41,$B11)+SUMIFS(Aforo!$I$2:$I$41,Aforo!$C$2:$C$41,$A11,Aforo!$D$2:$D$41,$B11))/D11) | G11: =IF(D11=0,"",(SUMIFS(Aforo!$J$2:$J$41,Aforo!$C$2:$C$41,$A11,Aforo!$D$2:$D$41,$B11)+SUMIFS(Aforo!$K$2:$K$41,Aforo!$C$2:$C$41,$A11,Aforo!$D$2:$D$41,$B11))/D11) | H11: =IF(D11=0,"",(SUMIFS(Aforo!$L$2:$L$41,Aforo!$C$2:$C$41,$A11,Aforo!$D$2:$D$41,$B11)+SUMIFS(Aforo!$M$2:$M$41,Aforo!$C$2:$C$41,$A11,Aforo!$D$2:$D$41,$B11))/D11) | I11: =IF(D11=0,"",(SUMIFS(Aforo!$N$2:$N$41,Aforo!$C$2:$C$41,$A11,Aforo!$D$2:$D$41,$B11)+SUMIFS(Aforo!$O$2:$O$41,Aforo!$C$2:$C$41,$A11,Aforo!$D$2:$D$41,$B11))/D11) | J11: =IF(D11=0,"",(SUMIFS(Aforo!$H$2:$H$41,Aforo!$C$2:$C$41,$A11,Aforo!$D$2:$D$41,$B11)+SUMIFS(Aforo!$J$2:$J$41,Aforo!$C$2:$C$41,$A11,Aforo!$D$2:$D$41,$B11)+SUMIFS(Aforo!$L$2:$L$41,Aforo!$C$2:$C$41,$A11,Aforo!$D$2:$D$41,$B11)+SUMIFS(Aforo!$N$2:$N$41,Aforo!$C$2:$C$41,$A11,Aforo!$D$2:$D$41,$B11))/D11) | K11: =IF(D11=0,"",(SUMIFS(Aforo!$I$2:$I$41,Aforo!$C$2:$C$41,$A11,Aforo!$D$2:$D$41,$B11)+SUMIFS(Aforo!$K$2:$K$41,Aforo!$C$2:$C$41,$A11,Aforo!$D$2:$D$41,$B11)+SUMIFS(Aforo!$M$2:$M$41,Aforo!$C$2:$C$41,$A11,Aforo!$D$2:$D$41,$B11)+SUMIFS(Aforo!$O$2:$O$41,Aforo!$C$2:$C$41,$A11,Aforo!$D$2:$D$41,$B11))/D11)
A13: Vehículos/hora = vehículos contados ÷ minutos contados × 60. Los % se calculan sobre el total del brazo y periodo.

Sheet Hoja_campo
A1: HOJA DE CAMPO — Aforo Cra 23 × Dg 15, Acacías (marcar con palitos: ||||)
A3: Fecha:
A4: Brazo de llegada:
A5: Periodo (Pico/Valle):
A6: Hora inicio:
A7: Hora fin:
A8: Contador(a):
A10: Tipo \ Giro | B10: Recto | C10: Derecha
A11: Carro
A12: Moto
A13: Bus
A14: Camión
A16: Observaciones (giros a la izq. observados, etc.):
A20: Brazo = por donde LLEGA el vehículo. Contar al cruzar la línea de pare. Giro a la izquierda prohibido: si alguien lo hace, anotarlo en Observaciones. Una hoja por brazo y periodo.
